"COD_VAR";"LIB_VAR";"COD_MOD";"LIB_MOD"
"CONF_STATUS";"Statut de confidentialité";"F";"Diffusable"
"DECIMALS";"Décimales";"2";"Deux"
"EXPENDITURE_1999";"Type de dépense de consommation - anciennes nomenclatures";"CP01175";" Chips"
"EXPENDITURE_1999";"Type de dépense de consommation - anciennes nomenclatures";"CP06129";" Autres produits médicaux n.c.a."
"EXPENDITURE_1999";"Type de dépense de consommation - anciennes nomenclatures";"CP0922";"Instruments de musique et biens durables destinés aux loisirs d’intérieur"
"EXPENDITURE_1999";"Type de dépense de consommation - anciennes nomenclatures";"CP05521";" Petit outillage non motorisé"
"EXPENDITURE_1999";"Type de dépense de consommation - anciennes nomenclatures";"CP0721";"Pièces de rechange et accessoires pour véhicules de tourisme"
"EXPENDITURE_1999";"Type de dépense de consommation - anciennes nomenclatures";"CP0712";"Motocycles"
"EXPENDITURE_1999";"Type de dépense de consommation - anciennes nomenclatures";"CP125";"Assurance"
"EXPENDITURE_1999";"Type de dépense de consommation - anciennes nomenclatures";"CP09422";" Musées, bibliothèques, jardins zoologiques"
"EXPENDITURE_1999";"Type de dépense de consommation - anciennes nomenclatures";"CP0732";"Transport routier de passagers"
"EXPENDITURE_1999";"Type de dépense de consommation - anciennes nomenclatures";"CP126";"Services financiers n,c,a,"
"EXPENDITURE_1999";"Type de dépense de consommation - anciennes nomenclatures";"CP0312";"Vêtements"
"EXPENDITURE_1999";"Type de dépense de consommation - anciennes nomenclatures";"CP0122";"Eaux minérales, boissons rafraîchissantes, jus de fruits et de légumes"
"EXPENDITURE_1999";"Type de dépense de consommation - anciennes nomenclatures";"CP0321";"Chaussures diverses"
"EXPENDITURE_1999";"Type de dépense de consommation - anciennes nomenclatures";"CP01152";" Margarine et autres graisses végétales"
"EXPENDITURE_1999";"Type de dépense de consommation - anciennes nomenclatures";"CP096";"Forfaits touristiques"
"EXPENDITURE_1999";"Type de dépense de consommation - anciennes nomenclatures";"CP0121";"Café, thé et cacao"
"EXPENDITURE_1999";"Type de dépense de consommation - anciennes nomenclatures";"CP12322";" Articles de puériculture"
"EXPENDITURE_1999";"Type de dépense de consommation - anciennes nomenclatures";"CP07241";" Location de garages, de places de stationnement et de véhicules personnels"
"EXPENDITURE_1999";"Type de dépense de consommation - anciennes nomenclatures";"CP01134";" Fruits de mer surgelés"
"EXPENDITURE_1999";"Type de dépense de consommation - anciennes nomenclatures";"CP05123";" Services de pose de moquettes et de revêtements de sol"
"EXPENDITURE_1999";"Type de dépense de consommation - anciennes nomenclatures";"CP081";"Services postaux"
"EXPENDITURE_1999";"Type de dépense de consommation - anciennes nomenclatures";"CP01144";" Yaourt"
"EXPENDITURE_1999";"Type de dépense de consommation - anciennes nomenclatures";"CP09150";" Réparation de matériels audiovisuel, photographique et informatique"
"EXPENDITURE_1999";"Type de dépense de consommation - anciennes nomenclatures";"CP0451";"Électricité"
"EXPENDITURE_1999";"Type de dépense de consommation - anciennes nomenclatures";"CP11202";" Centres de vacances, camping, auberges de jeunesse et hébergements similaires"
"EXPENDITURE_1999";"Type de dépense de consommation - anciennes nomenclatures";"CP12112";" Coiffure pour femmes"
"EXPENDITURE_1999";"Type de dépense de consommation - anciennes nomenclatures";"CP0953";"Imprimés divers"
"EXPENDITURE_1999";"Type de dépense de consommation - anciennes nomenclatures";"CP063";"Services hospitaliers"
"EXPENDITURE_1999";"Type de dépense de consommation - anciennes nomenclatures";"CP04510";" Électricité"
"EXPENDITURE_1999";"Type de dépense de consommation - anciennes nomenclatures";"CP09342";" Produits pour animaux domestiques"
"EXPENDITURE_1999";"Type de dépense de consommation - anciennes nomenclatures";"CP1213";"Autres appareils, articles et produits pour soins corporels"
"EXPENDITURE_1999";"Type de dépense de consommation - anciennes nomenclatures";"CP09332";" Plantes et fleurs"
"EXPENDITURE_1999";"Type de dépense de consommation - anciennes nomenclatures";"CP06232";" Cures thermales, transport sanitaire et location de matériel thérapeutique"
"EXPENDITURE_1999";"Type de dépense de consommation - anciennes nomenclatures";"CP01211";" Café"
"EXPENDITURE_1999";"Type de dépense de consommation - anciennes nomenclatures";"CP01151";" Beurre"
"EXPENDITURE_1999";"Type de dépense de consommation - anciennes nomenclatures";"CP05623";" Location de meubles et d'articles ménagers"
"EXPENDITURE_1999";"Type de dépense de consommation - anciennes nomenclatures";"CP12403";" Aides à domicile"
"EXPENDITURE_1999";"Type de dépense de consommation - anciennes nomenclatures";"CP05323";" Fers à repasser"
"EXPENDITURE_1999";"Type de dépense de consommation - anciennes nomenclatures";"CP05119";" Autres meubles et articles d'ameublement"
"EXPENDITURE_1999";"Type de dépense de consommation - anciennes nomenclatures";"CP01183";" Chocolat"
"EXPENDITURE_1999";"Type de dépense de consommation - anciennes nomenclatures";"CP0622";"Services dentaires"
"EXPENDITURE_1999";"Type de dépense de consommation - anciennes nomenclatures";"CP01163";" Fruits secs et fruits à coque"
"EXPENDITURE_1999";"Type de dépense de consommation - anciennes nomenclatures";"CP0444";"Services divers liés au logement n,c,a,"
"EXPENDITURE_1999";"Type de dépense de consommation - anciennes nomenclatures";"CP06132";" Aides auditives"
"EXPENDITURE_1999";"Type de dépense de consommation - anciennes nomenclatures";"CP05111";" Ameublement d'intérieur"
"EXPENDITURE_1999";"Type de dépense de consommation - anciennes nomenclatures";"CP05315";" Matériel de nettoyage"
"EXPENDITURE_1999";"Type de dépense de consommation - anciennes nomenclatures";"CP0911";"Matériel de réception et d’enregistrement du son et de l’image"
"EXPENDITURE_1999";"Type de dépense de consommation - anciennes nomenclatures";"CP1254";"Assurance transports"
"EXPENDITURE_1999";"Type de dépense de consommation - anciennes nomenclatures";"CP04110";" Loyers effectivement payés par les locataires"
"EXPENDITURE_1999";"Type de dépense de consommation - anciennes nomenclatures";"CP101";"Enseignement pré-élémentaire et primaire"
"EXPENDITURE_1999";"Type de dépense de consommation - anciennes nomenclatures";"CP01142";" Lait demi"
"EXPENDITURE_1999";"Type de dépense de consommation - anciennes nomenclatures";"CP0441";"Alimentation en eau"
"EXPENDITURE_1999";"Type de dépense de consommation - anciennes nomenclatures";"CP01181";" Sucre"
"EXPENDITURE_1999";"Type de dépense de consommation - anciennes nomenclatures";"CP05511";" Gros outillage et équipement motorisés"
"EXPENDITURE_1999";"Type de dépense de consommation - anciennes nomenclatures";"CP07311";" Transport de passagers par train"
"EXPENDITURE_1999";"Type de dépense de consommation - anciennes nomenclatures";"CP01";"Produits alimentaires et boissons non alcoolisées"
"EXPENDITURE_1999";"Type de dépense de consommation - anciennes nomenclatures";"CP01111";" Riz"
"EXPENDITURE_1999";"Type de dépense de consommation - anciennes nomenclatures";"CP07221";" Gazole"
"EXPENDITURE_1999";"Type de dépense de consommation - anciennes nomenclatures";"CP12703";" Services funéraires"
"EXPENDITURE_1999";"Type de dépense de consommation - anciennes nomenclatures";"CP1252";"Assurance habitation"
"EXPENDITURE_1999";"Type de dépense de consommation - anciennes nomenclatures";"CP01174";" Pommes de terre"
"EXPENDITURE_1999";"Type de dépense de consommation - anciennes nomenclatures";"CP06110";" Produits pharmaceutiques"
"EXPENDITURE_1999";"Type de dépense de consommation - anciennes nomenclatures";"CP071";"Achat de véhicules"
"EXPENDITURE_1999";"Type de dépense de consommation - anciennes nomenclatures";"CP09134";" Calculatrices et autres matériels de traitement de l'information"
"EXPENDITURE_1999";"Type de dépense de consommation - anciennes nomenclatures";"CP05112";" Meubles de jardin"
"EXPENDITURE_1999";"Type de dépense de consommation - anciennes nomenclatures";"CP0443";"Reprise des eaux usées"
"EXPENDITURE_1999";"Type de dépense de consommation - anciennes nomenclatures";"CP05314";" Appareils de chauffage et de climatisation"
"EXPENDITURE_1999";"Type de dépense de consommation - anciennes nomenclatures";"CP0432";"Services concernant l'entretien et les réparations du logement"
"EXPENDITURE_1999";"Type de dépense de consommation - anciennes nomenclatures";"CP0736";"Services de transport divers"
"EXPENDITURE_1999";"Type de dépense de consommation - anciennes nomenclatures";"CP054";"Verrerie, vaisselle et ustensiles de ménage"
"EXPENDITURE_1999";"Type de dépense de consommation - anciennes nomenclatures";"CP12704";" Autres frais et services n.c.a."
"EXPENDITURE_1999";"Type de dépense de consommation - anciennes nomenclatures";"CP01221";" Eaux minérales ou de source"
"EXPENDITURE_1999";"Type de dépense de consommation - anciennes nomenclatures";"CP01126";" Abats comestibles"
"EXPENDITURE_1999";"Type de dépense de consommation - anciennes nomenclatures";"CP09429";" Autres services culturels"
"EXPENDITURE_1999";"Type de dépense de consommation - anciennes nomenclatures";"CP01184";" Produits de confiserie (hors chocolat)"
"EXPENDITURE_1999";"Type de dépense de consommation - anciennes nomenclatures";"CP0934";"Animaux de compagnie et articles connexes"
"EXPENDITURE_1999";"Type de dépense de consommation - anciennes nomenclatures";"CP05322";" Cafetières électriques, théières et appareils similaires"
"EXPENDITURE_1999";"Type de dépense de consommation - anciennes nomenclatures";"CP0941";"Services récréatifs et sportifs"
"EXPENDITURE_1999";"Type de dépense de consommation - anciennes nomenclatures";"CP06231";" Services de laboratoires d'analyses médicales et de centres de radiologie"
"EXPENDITURE_1999";"Type de dépense de consommation - anciennes nomenclatures";"CP0735";"Transport combiné de passagers"
"EXPENDITURE_1999";"Type de dépense de consommation - anciennes nomenclatures";"CP02134";" Boissons à base de bière"
"EXPENDITURE_1999";"Type de dépense de consommation - anciennes nomenclatures";"CP0532";"Petits appareils électroménagers"
"EXPENDITURE_1999";"Type de dépense de consommation - anciennes nomenclatures";"CP0935";"Services vétérinaires et autres services pour animaux de compagnie"
"EXPENDITURE_1999";"Type de dépense de consommation - anciennes nomenclatures";"CP07342";" Transport fluvial de passagers"
"EXPENDITURE_1999";"Type de dépense de consommation - anciennes nomenclatures";"CP04449";" Autres services liés au logement"
"EXPENDITURE_1999";"Type de dépense de consommation - anciennes nomenclatures";"CP05203";" Linge de table et linge de toilette"
"EXPENDITURE_1999";"Type de dépense de consommation - anciennes nomenclatures";"CP07362";" Déménagement et garde"
"EXPENDITURE_1999";"Type de dépense de consommation - anciennes nomenclatures";"CP04321";" Services de plombiers"
"EXPENDITURE_1999";"Type de dépense de consommation - anciennes nomenclatures";"CP0830";"Services de téléphonie et de télécopie"
"EXPENDITURE_1999";"Type de dépense de consommation - anciennes nomenclatures";"CP05612";" Autres petits articles de ménage non durables"
"EXPENDITURE_1999";"Type de dépense de consommation - anciennes nomenclatures";"CP0112";"Viande"
"EXPENDITURE_1999";"Type de dépense de consommation - anciennes nomenclatures";"CP01164";" Fruits en conserve et autres produits à base de fruits n.c.a."
"EXPENDITURE_1999";"Type de dépense de consommation - anciennes nomenclatures";"CP09411";" Services récréatifs et sportifs "
"EXPENDITURE_1999";"Type de dépense de consommation - anciennes nomenclatures";"CP11112";" Services de restauration rapide et à emporter"
"EXPENDITURE_1999";"Type de dépense de consommation - anciennes nomenclatures";"CP0540";"Verrerie, vaisselle et ustensiles de ménage"
"EXPENDITURE_1999";"Type de dépense de consommation - anciennes nomenclatures";"CP0111";"Pain et céréales"
"EXPENDITURE_1999";"Type de dépense de consommation - anciennes nomenclatures";"CP01212";" Thés et infusions"
"EXPENDITURE_1999";"Type de dépense de consommation - anciennes nomenclatures";"CP02133";" Bières à faible teneur en alcool ou sans alcool"
"EXPENDITURE_1999";"Type de dépense de consommation - anciennes nomenclatures";"CP05522";" Divers accessoires de petit outillage"
"EXPENDITURE_1999";"Type de dépense de consommation - anciennes nomenclatures";"CP0931";"Jeux, jouets et passe-temps"
"EXPENDITURE_1999";"Type de dépense de consommation - anciennes nomenclatures";"CP12321";" Articles de voyage"
"EXPENDITURE_1999";"Type de dépense de consommation - anciennes nomenclatures";"CP05";"Meubles, articles de ménage et entretien courant du foyer"
"EXPENDITURE_1999";"Type de dépense de consommation - anciennes nomenclatures";"CP02121";" Vin"
"EXPENDITURE_1999";"Type de dépense de consommation - anciennes nomenclatures";"CP07";"Transports"
"EXPENDITURE_1999";"Type de dépense de consommation - anciennes nomenclatures";"CP05312";" Lave"
"EXPENDITURE_1999";"Type de dépense de consommation - anciennes nomenclatures";"CP01193";" Aliments pour bébés"
"EXPENDITURE_1999";"Type de dépense de consommation - anciennes nomenclatures";"CP0533";"Réparation d'appareils ménagers"
"EXPENDITURE_1999";"Type de dépense de consommation - anciennes nomenclatures";"CP053";"Appareils ménagers"
"EXPENDITURE_1999";"Type de dépense de consommation - anciennes nomenclatures";"CP09119";" Autres équipements audiovisuels"
"EXPENDITURE_1999";"Type de dépense de consommation - anciennes nomenclatures";"CP01113";" Pain"
"EXPENDITURE_1999";"Type de dépense de consommation - anciennes nomenclatures";"CP05330";" Réparation d'appareils ménagers"
"EXPENDITURE_1999";"Type de dépense de consommation - anciennes nomenclatures";"CP06300";" Services hospitaliers"
"EXPENDITURE_1999";"Type de dépense de consommation - anciennes nomenclatures";"CP0520";"Articles de ménage en textiles"
"EXPENDITURE_1999";"Type de dépense de consommation - anciennes nomenclatures";"CP02123";" Vins enrichis en alcool"
"EXPENDITURE_1999";"Type de dépense de consommation - anciennes nomenclatures";"CP05121";" Tapis et moquettes"
"EXPENDITURE_1999";"Type de dépense de consommation - anciennes nomenclatures";"CP01213";" Cacao et chocolat en poudre"
"EXPENDITURE_1999";"Type de dépense de consommation - anciennes nomenclatures";"CP0932";"Articles de sport, matériel de camping et matériel pour activités de plein air"
"EXPENDITURE_1999";"Type de dépense de consommation - anciennes nomenclatures";"CP01222";" Boissons rafraîchissantes"
"EXPENDITURE_1999";"Type de dépense de consommation - anciennes nomenclatures";"CP1240";"Protection sociale"
"EXPENDITURE_1999";"Type de dépense de consommation - anciennes nomenclatures";"CP0551";"Gros outillage et matériel"
"EXPENDITURE_1999";"Type de dépense de consommation - anciennes nomenclatures";"CP045";"Électricité, gaz et autres combustibles"
"EXPENDITURE_1999";"Type de dépense de consommation - anciennes nomenclatures";"CP01128";" Autres préparations à base de viande"
"EXPENDITURE_1999";"Type de dépense de consommation - anciennes nomenclatures";"CP041";"Loyers effectifs"
"EXPENDITURE_1999";"Type de dépense de consommation - anciennes nomenclatures";"CP01115";" Pizzas, quiches et plats cuisinés à base de céréales"
"EXPENDITURE_1999";"Type de dépense de consommation - anciennes nomenclatures";"CP08302";" Service de téléphonie mobile"
"EXPENDITURE_1999";"Type de dépense de consommation - anciennes nomenclatures";"CP09530";" Imprimés divers"
"EXPENDITURE_1999";"Type de dépense de consommation - anciennes nomenclatures";"CP01133";" Fruits de mer frais"
"EXPENDITURE_1999";"Type de dépense de consommation - anciennes nomenclatures";"CP09";"Loisirs et culture"
"EXPENDITURE_1999";"Type de dépense de consommation - anciennes nomenclatures";"CP04530";" Combustibles liquides"
"EXPENDITURE_1999";"Type de dépense de consommation - anciennes nomenclatures";"CP0453";"Combustibles liquides"
"EXPENDITURE_1999";"Type de dépense de consommation - anciennes nomenclatures";"CP08201";" Téléphones fixes"
"EXPENDITURE_1999";"Type de dépense de consommation - anciennes nomenclatures";"CP0951";"Livres"
"EXPENDITURE_1999";"Type de dépense de consommation - anciennes nomenclatures";"CP1111";"Restaurants, cafés et établissements similaires"
"EXPENDITURE_1999";"Type de dépense de consommation - anciennes nomenclatures";"CP01182";" Confitures, compotes et miel"
"EXPENDITURE_1999";"Type de dépense de consommation - anciennes nomenclatures";"CP0313";"Autres articles et accessoires d'habillement"
"EXPENDITURE_1999";"Type de dépense de consommation - anciennes nomenclatures";"CP061";"Produits, appareils et matériels médicaux"
"EXPENDITURE_1999";"Type de dépense de consommation - anciennes nomenclatures";"CP0118";"Sucre, confiture, miel, chocolat et confiserie"
"EXPENDITURE_1999";"Type de dépense de consommation - anciennes nomenclatures";"CP12312";" Horlogerie et montres"
"EXPENDITURE_1999";"Type de dépense de consommation - anciennes nomenclatures";"CP02203";" Autres produits du tabac"
"EXPENDITURE_1999";"Type de dépense de consommation - anciennes nomenclatures";"CP1232";"Autres effets personnels"
"EXPENDITURE_1999";"Type de dépense de consommation - anciennes nomenclatures";"CP04549";" Autres combustibles solides"
"EXPENDITURE_1999";"Type de dépense de consommation - anciennes nomenclatures";"CP0431";"Fournitures pour travaux d'entretien et de réparation des logements"
"EXPENDITURE_1999";"Type de dépense de consommation - anciennes nomenclatures";"CP012";"Boissons non alcoolisées"
"EXPENDITURE_1999";"Type de dépense de consommation - anciennes nomenclatures";"CP0933";"Produits pour jardins, plantes et fleurs"
"EXPENDITURE_1999";"Type de dépense de consommation - anciennes nomenclatures";"CP07322";" Transport de passagers en taxi ou voiture de location avec chauffeur"
"EXPENDITURE_1999";"Type de dépense de consommation - anciennes nomenclatures";"CP0211";"Alcools de bouche"
"EXPENDITURE_1999";"Type de dépense de consommation - anciennes nomenclatures";"CP09521";" Journaux"
"EXPENDITURE_1999";"Type de dépense de consommation - anciennes nomenclatures";"CP00";"Tous items IPCH"
"EXPENDITURE_1999";"Type de dépense de consommation - anciennes nomenclatures";"CP09122";" Accessoires pour matériels photographique et cinématographique"
"EXPENDITURE_1999";"Type de dépense de consommation - anciennes nomenclatures";"CP102";"Enseignement secondaire"
"EXPENDITURE_1999";"Type de dépense de consommation - anciennes nomenclatures";"CP0913";"Matériel de traitement de l'information"
"EXPENDITURE_1999";"Type de dépense de consommation - anciennes nomenclatures";"CP01131";" Poissons frais"
"EXPENDITURE_1999";"Type de dépense de consommation - anciennes nomenclatures";"CP0115";"Huiles et graisses"
"EXPENDITURE_1999";"Type de dépense de consommation - anciennes nomenclatures";"CP121";"Soins corporels"
"EXPENDITURE_1999";"Type de dépense de consommation - anciennes nomenclatures";"CP01192";" Sel, épices et herbes culinaires"
"EXPENDITURE_1999";"Type de dépense de consommation - anciennes nomenclatures";"CP09111";" Appareils d'enregistrement et de reproduction du son"
"EXPENDITURE_1999";"Type de dépense de consommation - anciennes nomenclatures";"CP1211";"Salons de coiffure et instituts de soins et de beauté"
"EXPENDITURE_1999";"Type de dépense de consommation - anciennes nomenclatures";"CP08203";" Autres équipements de téléphonie et de télécopie"
"EXPENDITURE_1999";"Type de dépense de consommation - anciennes nomenclatures";"CP0914";"Supports d'enregistrement"
"EXPENDITURE_1999";"Type de dépense de consommation - anciennes nomenclatures";"CP0513";"Réparation de meubles, d'articles d'ameublement et de revêtements souples pour le sol"
"EXPENDITURE_1999";"Type de dépense de consommation - anciennes nomenclatures";"CP09312";" Jouets et articles de fête"
"EXPENDITURE_1999";"Type de dépense de consommation - anciennes nomenclatures";"CP09149";" Autres supports d'enregistrement"
"EXPENDITURE_1999";"Type de dépense de consommation - anciennes nomenclatures";"CP01162";" Fruits surgelés"
"EXPENDITURE_1999";"Type de dépense de consommation - anciennes nomenclatures";"CP02122";" Boissons fermentées à base d'autres fruits"
"EXPENDITURE_1999";"Type de dépense de consommation - anciennes nomenclatures";"CP0212";"Vin et boissons fermentées"
"EXPENDITURE_1999";"Type de dépense de consommation - anciennes nomenclatures";"CP12402";" Maisons de retraite pour personnes âgées et foyers pour handicapés"
"EXPENDITURE_1999";"Type de dépense de consommation - anciennes nomenclatures";"CP0411";"Loyers effectivement payés par les locataires"
"EXPENDITURE_1999";"Type de dépense de consommation - anciennes nomenclatures";"CP12132";" Article d'hygiène corporelle, de bien être et produits de beauté"
"EXPENDITURE_1999";"Type de dépense de consommation - anciennes nomenclatures";"CP12621";" Frais de banques et de change"
"EXPENDITURE_1999";"Type de dépense de consommation - anciennes nomenclatures";"CP01122";" Porc"
"EXPENDITURE_1999";"Type de dépense de consommation - anciennes nomenclatures";"CP0723";"Entretien et réparation de véhicules particuliers"
"EXPENDITURE_1999";"Type de dépense de consommation - anciennes nomenclatures";"CP01154";" Autres huiles alimentaires"
"EXPENDITURE_1999";"Type de dépense de consommation - anciennes nomenclatures";"CP12541";" Assurance véhicule à moteur"
"EXPENDITURE_1999";"Type de dépense de consommation - anciennes nomenclatures";"CP07230";" Entretien et réparation de véhicules particuliers"
"EXPENDITURE_1999";"Type de dépense de consommation - anciennes nomenclatures";"CP09321";" Équipement de sport"
"EXPENDITURE_1999";"Type de dépense de consommation - anciennes nomenclatures";"CP05130";" Réparation de meubles, d'articles d''ameublement et de revêtements de sol"
"EXPENDITURE_1999";"Type de dépense de consommation - anciennes nomenclatures";"CP073";"Services de transport"
"EXPENDITURE_1999";"Type de dépense de consommation - anciennes nomenclatures";"CP09549";" Autres articles de papeterie et de dessin"
"EXPENDITURE_1999";"Type de dépense de consommation - anciennes nomenclatures";"CP01132";" Poissons surgelés"
"EXPENDITURE_1999";"Type de dépense de consommation - anciennes nomenclatures";"CP09331";" Produits pour jardin"
"EXPENDITURE_1999";"Type de dépense de consommation - anciennes nomenclatures";"CP09131";" Ordinateurs personnels"
"EXPENDITURE_1999";"Type de dépense de consommation - anciennes nomenclatures";"CP09421";" Cinéma, théâtre, concerts"
"EXPENDITURE_1999";"Type de dépense de consommation - anciennes nomenclatures";"CP0611";"Produits pharmaceutiques"
"EXPENDITURE_1999";"Type de dépense de consommation - anciennes nomenclatures";"CP09112";" Appareils d'enregistrement et de reproduction du son et de l''image"
"EXPENDITURE_1999";"Type de dépense de consommation - anciennes nomenclatures";"CP07120";" Motocycles"
"EXPENDITURE_1999";"Type de dépense de consommation - anciennes nomenclatures";"CP032";"Chaussures y.c. réparation"
"EXPENDITURE_1999";"Type de dépense de consommation - anciennes nomenclatures";"CP05209";" Autres articles de maison en textile"
"EXPENDITURE_1999";"Type de dépense de consommation - anciennes nomenclatures";"CP05324";" Grille pain et grils"
"EXPENDITURE_1999";"Type de dépense de consommation - anciennes nomenclatures";"CP09121";" Appareils photo et caméras"
"EXPENDITURE_1999";"Type de dépense de consommation - anciennes nomenclatures";"CP0820";"Matériel de téléphonie et de télécopie"
"EXPENDITURE_1999";"Type de dépense de consommation - anciennes nomenclatures";"CP01121";" Boeuf et veau"
"EXPENDITURE_1999";"Type de dépense de consommation - anciennes nomenclatures";"CP01186";" Succédané de sucre (sucrettes)"
"EXPENDITURE_1999";"Type de dépense de consommation - anciennes nomenclatures";"CP01117";" Céréales pour petit déjeuner"
"EXPENDITURE_1999";"Type de dépense de consommation - anciennes nomenclatures";"CP08";"Communications"
"EXPENDITURE_1999";"Type de dépense de consommation - anciennes nomenclatures";"CP09512";" Livres scolaires et parascolaires"
"EXPENDITURE_1999";"Type de dépense de consommation - anciennes nomenclatures";"CP09221";" Instruments de musique"
"EXPENDITURE_1999";"Type de dépense de consommation - anciennes nomenclatures";"CP104";"Enseignement supérieur"
"EXPENDITURE_1999";"Type de dépense de consommation - anciennes nomenclatures";"CP01123";" Mouton, agneau et chèvre"
"EXPENDITURE_1999";"Type de dépense de consommation - anciennes nomenclatures";"CP01161";" Fruits frais"
"EXPENDITURE_1999";"Type de dépense de consommation - anciennes nomenclatures";"CP08303";" Service d'accès à internet"
"EXPENDITURE_1999";"Type de dépense de consommation - anciennes nomenclatures";"CP0612";"Produits médicaux divers"
"EXPENDITURE_1999";"Type de dépense de consommation - anciennes nomenclatures";"CP07321";" Transport de passagers par autobus et autocar"
"EXPENDITURE_1999";"Type de dépense de consommation - anciennes nomenclatures";"CP01141";" Lait entier"
"EXPENDITURE_1999";"Type de dépense de consommation - anciennes nomenclatures";"CP0912";"Matériel photographique et cinématographique et appareils optiques"
"EXPENDITURE_1999";"Type de dépense de consommation - anciennes nomenclatures";"CP0630";"Services hospitaliers"
"EXPENDITURE_1999";"Type de dépense de consommation - anciennes nomenclatures";"CP05122";" Autres revêtements de sol"
"EXPENDITURE_1999";"Type de dépense de consommation - anciennes nomenclatures";"CP12701";" Frais administratifs n.c.a."
"EXPENDITURE_1999";"Type de dépense de consommation - anciennes nomenclatures";"CP07331";" Transport aérien intérieur"
"EXPENDITURE_1999";"Type de dépense de consommation - anciennes nomenclatures";"CP05403";" Ustensiles et articles de cuisine non électriques"
"EXPENDITURE_1999";"Type de dépense de consommation - anciennes nomenclatures";"CP07222";" Essence"
"EXPENDITURE_1999";"Type de dépense de consommation - anciennes nomenclatures";"CP07223";" Autres carburants pour véhicules personnels"
"EXPENDITURE_1999";"Type de dépense de consommation - anciennes nomenclatures";"CP01172";" Légumes surgelés, sauf pommes de terre et autres tubercules"
"EXPENDITURE_1999";"Type de dépense de consommation - anciennes nomenclatures";"CP12401";" Services de garde d'enfants"
"EXPENDITURE_1999";"Type de dépense de consommation - anciennes nomenclatures";"CP06";"Santé"
"EXPENDITURE_1999";"Type de dépense de consommation - anciennes nomenclatures";"CP01118";" Autres produits à base de céréales n.c.a."
"EXPENDITURE_1999";"Type de dépense de consommation - anciennes nomenclatures";"CP05321";" Appareils de transformation d'aliments"
"EXPENDITURE_1999";"Type de dépense de consommation - anciennes nomenclatures";"CP0724";"Services divers liés aux véhicules particuliers"
"EXPENDITURE_1999";"Type de dépense de consommation - anciennes nomenclatures";"CP01135";" Poissons et fruits de mer séchés, fumés ou salés"
"EXPENDITURE_1999";"Type de dépense de consommation - anciennes nomenclatures";"CP094";"Services récréatifs et culturels"
"EXPENDITURE_1999";"Type de dépense de consommation - anciennes nomenclatures";"CP07243";" Leçons de conduite, examen, permis et contrôle technique automobile"
"EXPENDITURE_1999";"Type de dépense de consommation - anciennes nomenclatures";"CP09141";" Supports enregistrés"
"EXPENDITURE_1999";"Type de dépense de consommation - anciennes nomenclatures";"CP07224";" Lubrifiants"
"EXPENDITURE_1999";"Type de dépense de consommation - anciennes nomenclatures";"CP10400";" Enseignement supérieur"
"EXPENDITURE_1999";"Type de dépense de consommation - anciennes nomenclatures";"CP09541";" Articles en papier"
"EXPENDITURE_1999";"Type de dépense de consommation - anciennes nomenclatures";"CP02202";" Cigares"
"EXPENDITURE_1999";"Type de dépense de consommation - anciennes nomenclatures";"CP07312";" Transport de passagers par métro et tramway"
"EXPENDITURE_1999";"Type de dépense de consommation - anciennes nomenclatures";"CP06239";" Autres services paramédicaux"
"EXPENDITURE_1999";"Type de dépense de consommation - anciennes nomenclatures";"CP0511";"Meubles et articles d'ameublement"
"EXPENDITURE_1999";"Type de dépense de consommation - anciennes nomenclatures";"CP124";"Protection sociale"
"EXPENDITURE_1999";"Type de dépense de consommation - anciennes nomenclatures";"CP12520";" Assurance habitation"
"EXPENDITURE_1999";"Type de dépense de consommation - anciennes nomenclatures";"CP01223";" Jus de fruits et de légumes"
"EXPENDITURE_1999";"Type de dépense de consommation - anciennes nomenclatures";"CP1020";"Enseignement secondaire"
"EXPENDITURE_1999";"Type de dépense de consommation - anciennes nomenclatures";"CP01143";" Lait longue conservation, en poudre ou concentré"
"EXPENDITURE_1999";"Type de dépense de consommation - anciennes nomenclatures";"CP0613";"Appareils et matériel thérapeutiques"
"EXPENDITURE_1999";"Type de dépense de consommation - anciennes nomenclatures";"CP09322";" Équipement de camping et de loisirs de plein air"
"EXPENDITURE_1999";"Type de dépense de consommation - anciennes nomenclatures";"CP01173";" Légumes secs, autres légumes en conserve ou transformés"
"EXPENDITURE_1999";"Type de dépense de consommation - anciennes nomenclatures";"CP0116";"Fruits"
"EXPENDITURE_1999";"Type de dépense de consommation - anciennes nomenclatures";"CP07212";" Pièces de rechange pour véhicules personnels"
"EXPENDITURE_1999";"Type de dépense de consommation - anciennes nomenclatures";"CP03213";" Chaussures pour nourrissons et enfants"
"EXPENDITURE_1999";"Type de dépense de consommation - anciennes nomenclatures";"CP0722";"Carburants et lubrifiants pour véhicules de tourisme"
"EXPENDITURE_1999";"Type de dépense de consommation - anciennes nomenclatures";"CP03142";" Réparation et location d'articles d'habillement"
"EXPENDITURE_1999";"Type de dépense de consommation - anciennes nomenclatures";"CP08101";" Services d'expédition de courrier"
"EXPENDITURE_1999";"Type de dépense de consommation - anciennes nomenclatures";"CP04310";" Fournitures pour travaux d'entretien et de réparation des logements"
"EXPENDITURE_1999";"Type de dépense de consommation - anciennes nomenclatures";"CP12131";" Articles de soins corporels non électriques"
"EXPENDITURE_1999";"Type de dépense de consommation - anciennes nomenclatures";"CP01146";" Autres produits laitiers"
"EXPENDITURE_1999";"Type de dépense de consommation - anciennes nomenclatures";"CP03";"Articles d'habillement et chaussures"
"EXPENDITURE_1999";"Type de dépense de consommation - anciennes nomenclatures";"CP01199";" Autres produits alimentaires n.c.a."
"EXPENDITURE_1999";"Type de dépense de consommation - anciennes nomenclatures";"CP11120";" Cantines"
"EXPENDITURE_1999";"Type de dépense de consommation - anciennes nomenclatures";"CP0552";"Petit outillage et accessoires divers"
"EXPENDITURE_1999";"Type de dépense de consommation - anciennes nomenclatures";"CP09513";" Dictionnaires, encyclopédies, livres pratiques et autres"
"EXPENDITURE_1999";"Type de dépense de consommation - anciennes nomenclatures";"CP0960";"Forfaits touristiques"
"EXPENDITURE_1999";"Type de dépense de consommation - anciennes nomenclatures";"CP02201";" Cigarettes"
"EXPENDITURE_1999";"Type de dépense de consommation - anciennes nomenclatures";"CP0733";"Transport aérien de passagers"
"EXPENDITURE_1999";"Type de dépense de consommation - anciennes nomenclatures";"CP01114";" Autres produits de boulangerie"
"EXPENDITURE_1999";"Type de dépense de consommation - anciennes nomenclatures";"CP05401";" Verrerie, cristallerie, céramique et porcelaine"
"EXPENDITURE_1999";"Type de dépense de consommation - anciennes nomenclatures";"CP0952";"Journaux et publications périodiques"
"EXPENDITURE_1999";"Type de dépense de consommation - anciennes nomenclatures";"CP112";"Services d'hébergement"
"EXPENDITURE_1999";"Type de dépense de consommation - anciennes nomenclatures";"CP06212";" Médecins spécialistes"
"EXPENDITURE_1999";"Type de dépense de consommation - anciennes nomenclatures";"CP01125";" Autres viandes"
"EXPENDITURE_1999";"Type de dépense de consommation - anciennes nomenclatures";"CP01171";" Légumes frais, hors pommes de terre et autres tubercules"
"EXPENDITURE_1999";"Type de dépense de consommation - anciennes nomenclatures";"CP0713";"Bicyclettes"
"EXPENDITURE_1999";"Type de dépense de consommation - anciennes nomenclatures";"CP0213";"Bière"
"EXPENDITURE_1999";"Type de dépense de consommation - anciennes nomenclatures";"CP093";"Autres articles et matériel de loisirs, de jardinage et animaux de compagnie"
"EXPENDITURE_1999";"Type de dépense de consommation - anciennes nomenclatures";"CP09522";" Revues et publications périodiques"
"EXPENDITURE_1999";"Type de dépense de consommation - anciennes nomenclatures";"CP04521";" Gaz naturel et gaz de ville"
"EXPENDITURE_1999";"Type de dépense de consommation - anciennes nomenclatures";"CP04324";" Services de peintres"
"EXPENDITURE_1999";"Type de dépense de consommation - anciennes nomenclatures";"CP12111";" Coiffure pour hommes et enfants"
"EXPENDITURE_1999";"Type de dépense de consommation - anciennes nomenclatures";"CP04322";" Services d'électriciens"
"EXPENDITURE_1999";"Type de dépense de consommation - anciennes nomenclatures";"CP09211";" Camping"
"EXPENDITURE_1999";"Type de dépense de consommation - anciennes nomenclatures";"CP09425";" Services photographiques"
"EXPENDITURE_1999";"Type de dépense de consommation - anciennes nomenclatures";"CP12113";" Soins de beauté corporels"
"EXPENDITURE_1999";"Type de dépense de consommation - anciennes nomenclatures";"CP12532";" Assurance complémentaire santé"
"EXPENDITURE_1999";"Type de dépense de consommation - anciennes nomenclatures";"CP1212";"Appareils électriques pour soins corporels"
"EXPENDITURE_1999";"Type de dépense de consommation - anciennes nomenclatures";"CP09222";" Grands articles destinés aux loisirs d'intérieur"
"EXPENDITURE_1999";"Type de dépense de consommation - anciennes nomenclatures";"CP1010";"Enseignement pré-élémentaire et primaire"
"EXPENDITURE_1999";"Type de dépense de consommation - anciennes nomenclatures";"CP02131";" Bières à basse fermentation"
"EXPENDITURE_1999";"Type de dépense de consommation - anciennes nomenclatures";"CP05329";" Autres petits appareils électroménagers"
"EXPENDITURE_1999";"Type de dépense de consommation - anciennes nomenclatures";"CP09311";" Jeux et passe"
"EXPENDITURE_1999";"Type de dépense de consommation - anciennes nomenclatures";"CP022";"Tabac"
"EXPENDITURE_1999";"Type de dépense de consommation - anciennes nomenclatures";"CP07213";" Accessoires pour véhicules personnels"
"EXPENDITURE_1999";"Type de dépense de consommation - anciennes nomenclatures";"CP0512";"Tapis et revêtements de sol divers"
"EXPENDITURE_1999";"Type de dépense de consommation - anciennes nomenclatures";"CP01116";" Pâtes alimentaires et couscous"
"EXPENDITURE_1999";"Type de dépense de consommation - anciennes nomenclatures";"CP03141";" Nettoyage d''articles d'habillement"
"EXPENDITURE_1999";"Type de dépense de consommation - anciennes nomenclatures";"CP0454";"Combustibles solides"
"EXPENDITURE_1999";"Type de dépense de consommation - anciennes nomenclatures";"CP04550";" Énergie thermique"
"EXPENDITURE_1999";"Type de dépense de consommation - anciennes nomenclatures";"CP02124";" Boissons à base de vin"
"EXPENDITURE_1999";"Type de dépense de consommation - anciennes nomenclatures";"CP03121";" Vêtements pour hommes"
"EXPENDITURE_1999";"Type de dépense de consommation - anciennes nomenclatures";"CP083";"Services de téléphonie et de télécopie"
"EXPENDITURE_1999";"Type de dépense de consommation - anciennes nomenclatures";"CP12121";" Appareils électriques pour soins corporels"
"EXPENDITURE_1999";"Type de dépense de consommation - anciennes nomenclatures";"CP03211";" Chaussures pour hommes"
"EXPENDITURE_1999";"Type de dépense de consommation - anciennes nomenclatures";"CP05313";" Appareils de cuisson"
"EXPENDITURE_1999";"Type de dépense de consommation - anciennes nomenclatures";"CP01147";" Oeufs"
"EXPENDITURE_1999";"Type de dépense de consommation - anciennes nomenclatures";"CP095";"Journaux, livres et articles de papeterie"
"EXPENDITURE_1999";"Type de dépense de consommation - anciennes nomenclatures";"CP05201";" Tissus d'ameublement et rideaux"
"EXPENDITURE_1999";"Type de dépense de consommation - anciennes nomenclatures";"CP0942";"Services culturels"
"EXPENDITURE_1999";"Type de dépense de consommation - anciennes nomenclatures";"CP05311";" Réfrigérateurs, congélateurs"
"EXPENDITURE_1999";"Type de dépense de consommation - anciennes nomenclatures";"CP12702";" Services juridiques et de comptabilité"
"EXPENDITURE_1999";"Type de dépense de consommation - anciennes nomenclatures";"CP0921";"Biens durables pour loisirs de plein air"
"EXPENDITURE_1999";"Type de dépense de consommation - anciennes nomenclatures";"CP052";"Articles de ménage en textiles"
"EXPENDITURE_1999";"Type de dépense de consommation - anciennes nomenclatures";"CP05113";" Luminaires"
"EXPENDITURE_1999";"Type de dépense de consommation - anciennes nomenclatures";"CP1112";"Cantines"
"EXPENDITURE_1999";"Type de dépense de consommation - anciennes nomenclatures";"CP0117";"Légumes"
"EXPENDITURE_1999";"Type de dépense de consommation - anciennes nomenclatures";"CP08301";" Service de téléphonie fixe"
"EXPENDITURE_1999";"Type de dépense de consommation - anciennes nomenclatures";"CP03123";" Vêtements pour nourrissons et enfants"
"EXPENDITURE_1999";"Type de dépense de consommation - anciennes nomenclatures";"CP01185";" Crèmes glacées et sorbets"
"EXPENDITURE_1999";"Type de dépense de consommation - anciennes nomenclatures";"CP07350";" Transport combiné de passagers"
"EXPENDITURE_1999";"Type de dépense de consommation - anciennes nomenclatures";"CP04";"Logement, eau, gaz, électricité et autres combustibles"
"EXPENDITURE_1999";"Type de dépense de consommation - anciennes nomenclatures";"CP09602";" Forfaits touristiques internationaux"
"EXPENDITURE_1999";"Type de dépense de consommation - anciennes nomenclatures";"CP0923";"Entretien et réparation des autres biens durables à fonction récréative et culturelle"
"EXPENDITURE_1999";"Type de dépense de consommation - anciennes nomenclatures";"CP0623";"Services médicaux et hospitaliers"
"EXPENDITURE_1999";"Type de dépense de consommation - anciennes nomenclatures";"CP03212";" Chaussures pour femmes"
"EXPENDITURE_1999";"Type de dépense de consommation - anciennes nomenclatures";"CP0220";"Tabac"
"EXPENDITURE_1999";"Type de dépense de consommation - anciennes nomenclatures";"CP111";"Services de restauration"
"EXPENDITURE_1999";"Type de dépense de consommation - anciennes nomenclatures";"CP06220";" Services dentaires"
"EXPENDITURE_1999";"Type de dépense de consommation - anciennes nomenclatures";"CP09350";" Services vétérinaires et autres services pour animaux de compagnie"
"EXPENDITURE_1999";"Type de dépense de consommation - anciennes nomenclatures";"CP06131";" Optique médicale"
"EXPENDITURE_1999";"Type de dépense de consommation - anciennes nomenclatures";"CP09511";" Ouvrages de littérature générale"
"EXPENDITURE_1999";"Type de dépense de consommation - anciennes nomenclatures";"CP044";"Alimentation en eau et services divers liés au logement"
"EXPENDITURE_1999";"Type de dépense de consommation - anciennes nomenclatures";"CP01191";" Sauces et condiments"
"EXPENDITURE_1999";"Type de dépense de consommation - anciennes nomenclatures";"CP04441";" Charges d'entretien dans les immeubles collectifs"
"EXPENDITURE_1999";"Type de dépense de consommation - anciennes nomenclatures";"CP0442";"Collecte des ordures ménagères"
"EXPENDITURE_1999";"Type de dépense de consommation - anciennes nomenclatures";"CP01136";" Autres conserves ou préparations à base de poisson et de fruits de mer"
"EXPENDITURE_1999";"Type de dépense de consommation - anciennes nomenclatures";"CP07242";" Péages et parcmètres"
"EXPENDITURE_1999";"Type de dépense de consommation - anciennes nomenclatures";"CP05512";" Réparation et location de gros outillage et équipement"
"EXPENDITURE_1999";"Type de dépense de consommation - anciennes nomenclatures";"CP11203";" Autres services d'hébergement"
"EXPENDITURE_1999";"Type de dépense de consommation - anciennes nomenclatures";"CP0734";"Transport maritime et fluvial de passagers"
"EXPENDITURE_1999";"Type de dépense de consommation - anciennes nomenclatures";"CP07130";" Bicyclettes"
"EXPENDITURE_1999";"Type de dépense de consommation - anciennes nomenclatures";"CP08304";" Services groupés de télécommunication"
"EXPENDITURE_1999";"Type de dépense de consommation - anciennes nomenclatures";"CP12313";" Réparation de bijoux, horloges et montres"
"EXPENDITURE_1999";"Type de dépense de consommation - anciennes nomenclatures";"CP0113";"Poisson et fruits de mer"
"EXPENDITURE_1999";"Type de dépense de consommation - anciennes nomenclatures";"CP051";"Meubles,articles d'ameublement, tapis et autres revêtements de sol"
"EXPENDITURE_1999";"Type de dépense de consommation - anciennes nomenclatures";"CP05621";" Services domestiques fournis par du personnel salarié"
"EXPENDITURE_1999";"Type de dépense de consommation - anciennes nomenclatures";"CP03131";" Autres articles d'habillement"
"EXPENDITURE_1999";"Type de dépense de consommation - anciennes nomenclatures";"CP04410";" Alimentation en eau"
"EXPENDITURE_1999";"Type de dépense de consommation - anciennes nomenclatures";"CP0114";"Lait, fromage et oeufs"
"EXPENDITURE_1999";"Type de dépense de consommation - anciennes nomenclatures";"CP08202";" Téléphones portables"
"EXPENDITURE_1999";"Type de dépense de consommation - anciennes nomenclatures";"CP01112";" Farines et autres céréales"
"EXPENDITURE_1999";"Type de dépense de consommation - anciennes nomenclatures";"CP021";"Boissons alcoolisées"
"EXPENDITURE_1999";"Type de dépense de consommation - anciennes nomenclatures";"CP11201";" Hôtels, motels, auberges et hébergements similaires"
"EXPENDITURE_1999";"Type de dépense de consommation - anciennes nomenclatures";"CP0621";"Services médicaux"
"EXPENDITURE_1999";"Type de dépense de consommation - anciennes nomenclatures";"CP09323";" Réparation d'équipement de sport, de camping et de loisirs de plein air"
"EXPENDITURE_1999";"Type de dépense de consommation - anciennes nomenclatures";"CP1270";"Autres services n,c,a,"
"EXPENDITURE_1999";"Type de dépense de consommation - anciennes nomenclatures";"CP04325";" Services de menuisiers et charpentiers"
"EXPENDITURE_1999";"Type de dépense de consommation - anciennes nomenclatures";"CP04323";" Services d'entretien pour les systèmes de chauffage"
"EXPENDITURE_1999";"Type de dépense de consommation - anciennes nomenclatures";"CP1231";"Articles de bijouterie et horlogerie"
"EXPENDITURE_1999";"Type de dépense de consommation - anciennes nomenclatures";"CP0711";"Voitures automobiles"
"EXPENDITURE_1999";"Type de dépense de consommation - anciennes nomenclatures";"CP12311";" Bijouterie"
"EXPENDITURE_1999";"Type de dépense de consommation - anciennes nomenclatures";"CP082";"Matériel de téléphonie et de télécopie"
"EXPENDITURE_1999";"Type de dépense de consommation - anciennes nomenclatures";"CP0455";"Énergie thermique"
"EXPENDITURE_1999";"Type de dépense de consommation - anciennes nomenclatures";"CP0731";"Transport ferroviaire de passagers"
"EXPENDITURE_1999";"Type de dépense de consommation - anciennes nomenclatures";"CP03132";" Accessoires d'habillement"
"EXPENDITURE_1999";"Type de dépense de consommation - anciennes nomenclatures";"CP0452";"Gaz"
"EXPENDITURE_1999";"Type de dépense de consommation - anciennes nomenclatures";"CP0954";"Papeterie et matériel de dessin"
"EXPENDITURE_1999";"Type de dépense de consommation - anciennes nomenclatures";"CP11";"Restaurants et hôtels"
"EXPENDITURE_1999";"Type de dépense de consommation - anciennes nomenclatures";"CP03220";" Cordonnerie et location de chaussures"
"EXPENDITURE_1999";"Type de dépense de consommation - anciennes nomenclatures";"CP03122";" Vêtements pour femmes"
"EXPENDITURE_1999";"Type de dépense de consommation - anciennes nomenclatures";"CP011";"Produits alimentaires"
"EXPENDITURE_1999";"Type de dépense de consommation - anciennes nomenclatures";"CP1253";"Assurance maladie"
"EXPENDITURE_1999";"Type de dépense de consommation - anciennes nomenclatures";"CP05611";" Produits de nettoyage et d'entretien"
"EXPENDITURE_1999";"Type de dépense de consommation - anciennes nomenclatures";"CP056";"Biens et services liés à l'entretien courant du foyer"
"EXPENDITURE_1999";"Type de dépense de consommation - anciennes nomenclatures";"CP0322";"Cordonnerie et location de chaussures"
"EXPENDITURE_1999";"Type de dépense de consommation - anciennes nomenclatures";"CP055";"Outillage et autre matériel pour la maison et le jardin"
"EXPENDITURE_1999";"Type de dépense de consommation - anciennes nomenclatures";"CP031";"Articles d'habillement"
"EXPENDITURE_1999";"Type de dépense de consommation - anciennes nomenclatures";"CP04430";" Reprise des eaux usées"
"EXPENDITURE_1999";"Type de dépense de consommation - anciennes nomenclatures";"CP10";"Enseignement"
"EXPENDITURE_1999";"Type de dépense de consommation - anciennes nomenclatures";"CP05402";" Articles de coutellerie, couverts et argenterie"
"EXPENDITURE_1999";"Type de dépense de consommation - anciennes nomenclatures";"CP10200";" Enseignement secondaire"
"EXPENDITURE_1999";"Type de dépense de consommation - anciennes nomenclatures";"CP09230";" Entretien et réparation des autres biens durables de loisirs et culturels"
"EXPENDITURE_1999";"Type de dépense de consommation - anciennes nomenclatures";"CP092";"Autres biens durables culturels et récréatifs neufs"
"EXPENDITURE_1999";"Type de dépense de consommation - anciennes nomenclatures";"CP02111";" Spiritueux et liqueurs"
"EXPENDITURE_1999";"Type de dépense de consommation - anciennes nomenclatures";"CP043";"Entretien et réparation des logements"
"EXPENDITURE_1999";"Type de dépense de consommation - anciennes nomenclatures";"CP12329";" Autres effets personnels n.c.a."
"EXPENDITURE_1999";"Type de dépense de consommation - anciennes nomenclatures";"CP07332";" Transport aérien international"
"EXPENDITURE_1999";"Type de dépense de consommation - anciennes nomenclatures";"CP1040";"Enseignement supérieur"
"EXPENDITURE_1999";"Type de dépense de consommation - anciennes nomenclatures";"CP0119";"Produits alimentaires n,c,a,"
"EXPENDITURE_1999";"Type de dépense de consommation - anciennes nomenclatures";"CP07341";" Transport maritime de passagers"
"EXPENDITURE_1999";"Type de dépense de consommation - anciennes nomenclatures";"CP02132";" Autres bières alcoolisées"
"EXPENDITURE_1999";"Type de dépense de consommation - anciennes nomenclatures";"CP12";"Biens et services divers"
"EXPENDITURE_1999";"Type de dépense de consommation - anciennes nomenclatures";"CP0810";"Services postaux"
"EXPENDITURE_1999";"Type de dépense de consommation - anciennes nomenclatures";"CP04420";" Collecte des ordures ménagères"
"EXPENDITURE_1999";"Type de dépense de consommation - anciennes nomenclatures";"CP07112";" Automobiles d'occasion"
"EXPENDITURE_1999";"Type de dépense de consommation - anciennes nomenclatures";"CP09412";" Services récréatifs et sportifs "
"EXPENDITURE_1999";"Type de dépense de consommation - anciennes nomenclatures";"CP1262";"Autres services financiers n,c,a,"
"EXPENDITURE_1999";"Type de dépense de consommation - anciennes nomenclatures";"CP0314";"Nettoyage, réparation et location d'articles d'habillement"
"EXPENDITURE_1999";"Type de dépense de consommation - anciennes nomenclatures";"CP0915";"Réparation de matériel audiovisuel, photographique et de traitement de l'information"
"EXPENDITURE_1999";"Type de dépense de consommation - anciennes nomenclatures";"CP01124";" Volaille"
"EXPENDITURE_1999";"Type de dépense de consommation - anciennes nomenclatures";"CP02";"Boissons alcoolisées, tabac et stupéfiants"
"EXPENDITURE_1999";"Type de dépense de consommation - anciennes nomenclatures";"CP01194";" Plats cuisinés n.c.a."
"EXPENDITURE_1999";"Type de dépense de consommation - anciennes nomenclatures";"CP0561";"Biens d'équipement ménager non durables"
"EXPENDITURE_1999";"Type de dépense de consommation - anciennes nomenclatures";"CP127";"Autres services n,c,a,"
"EXPENDITURE_1999";"Type de dépense de consommation - anciennes nomenclatures";"CP07111";" Automobiles neuves"
"EXPENDITURE_1999";"Type de dépense de consommation - anciennes nomenclatures";"CP01127";" Viande séchée, salée ou fumée"
"EXPENDITURE_1999";"Type de dépense de consommation - anciennes nomenclatures";"CP05202";" Linge de lit et accessoires de literie"
"EXPENDITURE_1999";"Type de dépense de consommation - anciennes nomenclatures";"CP08109";" Autres services postaux"
"EXPENDITURE_1999";"Type de dépense de consommation - anciennes nomenclatures";"CP07211";" Pneumatiques"
"EXPENDITURE_1999";"Type de dépense de consommation - anciennes nomenclatures";"CP09514";" Services d'édition et livres numériques"
"EXPENDITURE_1999";"Type de dépense de consommation - anciennes nomenclatures";"CP0562";"Services domestiques et services ménagers"
"EXPENDITURE_1999";"Type de dépense de consommation - anciennes nomenclatures";"CP062";"Services ambulatoires"
"EXPENDITURE_1999";"Type de dépense de consommation - anciennes nomenclatures";"CP091";"Matériel audiovisuel, photographique et de traitement de l'information"
"EXPENDITURE_1999";"Type de dépense de consommation - anciennes nomenclatures";"CP06121";" Tests de grossesse et dispositifs contraceptifs mécaniques"
"EXPENDITURE_1999";"Type de dépense de consommation - anciennes nomenclatures";"CP01176";" Autres tubercules et produits issus de tubercules"
"EXPENDITURE_1999";"Type de dépense de consommation - anciennes nomenclatures";"CP09341";" Achat d'animaux domestiques"
"EXPENDITURE_1999";"Type de dépense de consommation - anciennes nomenclatures";"CP04522";" Hydrocarbures liquéfiés (butane, propane, etc.)"
"EXPENDITURE_1999";"Type de dépense de consommation - anciennes nomenclatures";"CP09423";" Redevances et abonnements audio"
"EXPENDITURE_1999";"Type de dépense de consommation - anciennes nomenclatures";"CP123";"Effets personnels n,c,a,"
"EXPENDITURE_1999";"Type de dépense de consommation - anciennes nomenclatures";"CP10102";" Enseignement primaire"
"EXPENDITURE_1999";"Type de dépense de consommation - anciennes nomenclatures";"CP11111";" Restaurants, cafés et établissements de danse"
"EXPENDITURE_1999";"Type de dépense de consommation - anciennes nomenclatures";"CP05622";" Nettoyage d'articles textiles hors vêtement"
"EXPENDITURE_1999";"Type de dépense de consommation - anciennes nomenclatures";"CP072";"Dépenses d'utilisation des véhicules"
"EXPENDITURE_1999";"Type de dépense de consommation - anciennes nomenclatures";"CP06211";" Médecins généralistes"
"EXPENDITURE_1999";"Type de dépense de consommation - anciennes nomenclatures";"CP1120";"Services d'hébergement"
"EXPENDITURE_1999";"Type de dépense de consommation - anciennes nomenclatures";"CP01153";" Huile d'olive"
"EXPENDITURE_1999";"Type de dépense de consommation - anciennes nomenclatures";"CP09213";" Bateaux, moteurs hors bord et équipements de bateaux"
"EXPENDITURE_1999";"Type de dépense de consommation - anciennes nomenclatures";"CP01145";" Fromage et laits caillés"
"EXPENDITURE_1999";"Type de dépense de consommation - anciennes nomenclatures";"CP0531";"Gros appareils ménagers, électriques ou non"
"EXPENDITURE_1999";"Type de dépense de consommation - anciennes nomenclatures";"CP09132";" Accessoires pour matériel de traitement de l'information"
"EXPENDITURE_1999";"Type de dépense de consommation - anciennes nomenclatures";"CP06139";" Autres appareils et matériels thérapeutiques"
"EXPENDITURE_1999";"Type de dépense de consommation - anciennes nomenclatures";"CP10101";"Enseignement pré-primaire"
"EXPENDITURE_1999";"Type de dépense de consommation - anciennes nomenclatures";"CP105";"Enseignement non défini par niveau"
"EXPENDITURE_1999";"Type de dépense de consommation - anciennes nomenclatures";"CP1050";"Enseignement non défini par niveau"
"EXPENDITURE_1999";"Type de dépense de consommation - anciennes nomenclatures";"CP10500";"Enseignement non défini par un  degré"
"EXPENDITURE_1999";"Type de dépense de consommation - anciennes nomenclatures";"CP1255";"Autres assurances"
"EXPENDITURE_1999";"Type de dépense de consommation - anciennes nomenclatures";"CP12550";"Autre assurance "
"FREQ";"Fréquence";"M";"Mensuel"
"IDX_TYPE";"Type d'indice";"HICP";"Indice harmonisé des prix à la consommation"
"IDX_TYPE";"Type d'indice";"YOY";"Glissement annuel"
"OBS_STATUS";"Statut de l'observation";"A";"Normale"
"OBS_STATUS";"Statut de l'observation";"U";"Faible fiabilité (ff)"
"OBS_STATUS";"Statut de l'observation";"P";"Valeur provisoire"
"SEASONAL_ADJUST";" Ajustement saisonnier ";"N";"Brut"
"TIME_PERIOD";"Période temporelle";"2023-12";"2023-12"
"TIME_PERIOD";"Période temporelle";"2014-07";"2014-07"
"TIME_PERIOD";"Période temporelle";"2022-02";"2022-02"
"TIME_PERIOD";"Période temporelle";"2007-01";"2007-01"
"TIME_PERIOD";"Période temporelle";"2006-04";"2006-04"
"TIME_PERIOD";"Période temporelle";"2015-10";"2015-10"
"TIME_PERIOD";"Période temporelle";"2020-07";"2020-07"
"TIME_PERIOD";"Période temporelle";"2018-01";"2018-01"
"TIME_PERIOD";"Période temporelle";"1997-07";"1997-07"
"TIME_PERIOD";"Période temporelle";"2000-02";"2000-02"
"TIME_PERIOD";"Période temporelle";"2009-09";"2009-09"
"TIME_PERIOD";"Période temporelle";"2017-10";"2017-10"
"TIME_PERIOD";"Période temporelle";"2011-05";"2011-05"
"TIME_PERIOD";"Période temporelle";"1997-02";"1997-02"
"TIME_PERIOD";"Période temporelle";"2012-04";"2012-04"
"TIME_PERIOD";"Période temporelle";"2021-05";"2021-05"
"TIME_PERIOD";"Période temporelle";"2024-04";"2024-04"
"TIME_PERIOD";"Période temporelle";"2006-10";"2006-10"
"TIME_PERIOD";"Période temporelle";"2013-10";"2013-10"
"TIME_PERIOD";"Période temporelle";"1996-12";"1996-12"
"TIME_PERIOD";"Période temporelle";"2014-06";"2014-06"
"TIME_PERIOD";"Période temporelle";"2022-07";"2022-07"
"TIME_PERIOD";"Période temporelle";"1997-05";"1997-05"
"TIME_PERIOD";"Période temporelle";"2024-08";"2024-08"
"TIME_PERIOD";"Période temporelle";"2011-07";"2011-07"
"TIME_PERIOD";"Période temporelle";"2023-02";"2023-02"
"TIME_PERIOD";"Période temporelle";"2020-06";"2020-06"
"TIME_PERIOD";"Période temporelle";"2021-12";"2021-12"
"TIME_PERIOD";"Période temporelle";"2019-11";"2019-11"
"TIME_PERIOD";"Période temporelle";"2016-08";"2016-08"
"TIME_PERIOD";"Période temporelle";"2018-12";"2018-12"
"TIME_PERIOD";"Période temporelle";"2023-09";"2023-09"
"TIME_PERIOD";"Période temporelle";"1998-12";"1998-12"
"TIME_PERIOD";"Période temporelle";"1999-11";"1999-11"
"TIME_PERIOD";"Période temporelle";"2015-08";"2015-08"
"TIME_PERIOD";"Période temporelle";"2022-05";"2022-05"
"TIME_PERIOD";"Période temporelle";"2022-10";"2022-10"
"TIME_PERIOD";"Période temporelle";"2021-03";"2021-03"
"TIME_PERIOD";"Période temporelle";"2003-06";"2003-06"
"TIME_PERIOD";"Période temporelle";"1999-10";"1999-10"
"TIME_PERIOD";"Période temporelle";"2000-04";"2000-04"
"TIME_PERIOD";"Période temporelle";"2023-10";"2023-10"
"TIME_PERIOD";"Période temporelle";"1996-06";"1996-06"
"TIME_PERIOD";"Période temporelle";"2011-08";"2011-08"
"TIME_PERIOD";"Période temporelle";"2012-11";"2012-11"
"TIME_PERIOD";"Période temporelle";"2014-03";"2014-03"
"TIME_PERIOD";"Période temporelle";"2019-12";"2019-12"
"TIME_PERIOD";"Période temporelle";"2023-11";"2023-11"
"TIME_PERIOD";"Période temporelle";"2000-09";"2000-09"
"TIME_PERIOD";"Période temporelle";"2009-01";"2009-01"
"TIME_PERIOD";"Période temporelle";"2014-04";"2014-04"
"TIME_PERIOD";"Période temporelle";"2021-01";"2021-01"
"TIME_PERIOD";"Période temporelle";"1997-04";"1997-04"
"TIME_PERIOD";"Période temporelle";"2016-07";"2016-07"
"TIME_PERIOD";"Période temporelle";"2023-08";"2023-08"
"TIME_PERIOD";"Période temporelle";"2005-05";"2005-05"
"TIME_PERIOD";"Période temporelle";"2000-11";"2000-11"
"TIME_PERIOD";"Période temporelle";"2001-07";"2001-07"
"TIME_PERIOD";"Période temporelle";"1999-05";"1999-05"
"TIME_PERIOD";"Période temporelle";"2022-12";"2022-12"
"TIME_PERIOD";"Période temporelle";"2016-10";"2016-10"
"TIME_PERIOD";"Période temporelle";"2007-03";"2007-03"
"TIME_PERIOD";"Période temporelle";"2015-02";"2015-02"
"TIME_PERIOD";"Période temporelle";"2013-01";"2013-01"
"TIME_PERIOD";"Période temporelle";"2002-12";"2002-12"
"TIME_PERIOD";"Période temporelle";"2004-01";"2004-01"
"TIME_PERIOD";"Période temporelle";"2006-09";"2006-09"
"TIME_PERIOD";"Période temporelle";"2009-08";"2009-08"
"TIME_PERIOD";"Période temporelle";"2016-03";"2016-03"
"TIME_PERIOD";"Période temporelle";"1996-02";"1996-02"
"TIME_PERIOD";"Période temporelle";"2017-09";"2017-09"
"TIME_PERIOD";"Période temporelle";"2010-02";"2010-02"
"TIME_PERIOD";"Période temporelle";"2011-06";"2011-06"
"TIME_PERIOD";"Période temporelle";"2007-08";"2007-08"
"TIME_PERIOD";"Période temporelle";"1996-11";"1996-11"
"TIME_PERIOD";"Période temporelle";"2021-08";"2021-08"
"TIME_PERIOD";"Période temporelle";"2015-06";"2015-06"
"TIME_PERIOD";"Période temporelle";"2017-04";"2017-04"
"TIME_PERIOD";"Période temporelle";"2017-06";"2017-06"
"TIME_PERIOD";"Période temporelle";"2006-05";"2006-05"
"TIME_PERIOD";"Période temporelle";"2012-08";"2012-08"
"TIME_PERIOD";"Période temporelle";"2010-12";"2010-12"
"TIME_PERIOD";"Période temporelle";"2015-03";"2015-03"
"TIME_PERIOD";"Période temporelle";"2014-10";"2014-10"
"TIME_PERIOD";"Période temporelle";"2012-07";"2012-07"
"TIME_PERIOD";"Période temporelle";"1998-09";"1998-09"
"TIME_PERIOD";"Période temporelle";"2015-11";"2015-11"
"TIME_PERIOD";"Période temporelle";"2012-09";"2012-09"
"TIME_PERIOD";"Période temporelle";"2000-01";"2000-01"
"TIME_PERIOD";"Période temporelle";"2004-10";"2004-10"
"TIME_PERIOD";"Période temporelle";"2019-01";"2019-01"
"TIME_PERIOD";"Période temporelle";"2004-11";"2004-11"
"TIME_PERIOD";"Période temporelle";"1998-03";"1998-03"
"TIME_PERIOD";"Période temporelle";"2017-08";"2017-08"
"TIME_PERIOD";"Période temporelle";"2006-02";"2006-02"
"TIME_PERIOD";"Période temporelle";"2009-11";"2009-11"
"TIME_PERIOD";"Période temporelle";"2018-06";"2018-06"
"TIME_PERIOD";"Période temporelle";"2020-10";"2020-10"
"TIME_PERIOD";"Période temporelle";"2017-01";"2017-01"
"TIME_PERIOD";"Période temporelle";"2015-01";"2015-01"
"TIME_PERIOD";"Période temporelle";"1997-06";"1997-06"
"TIME_PERIOD";"Période temporelle";"2020-08";"2020-08"
"TIME_PERIOD";"Période temporelle";"2002-03";"2002-03"
"TIME_PERIOD";"Période temporelle";"2017-05";"2017-05"
"TIME_PERIOD";"Période temporelle";"1998-02";"1998-02"
"TIME_PERIOD";"Période temporelle";"2013-11";"2013-11"
"TIME_PERIOD";"Période temporelle";"1998-04";"1998-04"
"TIME_PERIOD";"Période temporelle";"2014-12";"2014-12"
"TIME_PERIOD";"Période temporelle";"2005-11";"2005-11"
"TIME_PERIOD";"Période temporelle";"2016-05";"2016-05"
"TIME_PERIOD";"Période temporelle";"2017-02";"2017-02"
"TIME_PERIOD";"Période temporelle";"2008-02";"2008-02"
"TIME_PERIOD";"Période temporelle";"2006-01";"2006-01"
"TIME_PERIOD";"Période temporelle";"1999-04";"1999-04"
"TIME_PERIOD";"Période temporelle";"2022-04";"2022-04"
"TIME_PERIOD";"Période temporelle";"2004-02";"2004-02"
"TIME_PERIOD";"Période temporelle";"2015-09";"2015-09"
"TIME_PERIOD";"Période temporelle";"2003-02";"2003-02"
"TIME_PERIOD";"Période temporelle";"2023-05";"2023-05"
"TIME_PERIOD";"Période temporelle";"2008-07";"2008-07"
"TIME_PERIOD";"Période temporelle";"2003-05";"2003-05"
"TIME_PERIOD";"Période temporelle";"2012-03";"2012-03"
"TIME_PERIOD";"Période temporelle";"2015-05";"2015-05"
"TIME_PERIOD";"Période temporelle";"2024-06";"2024-06"
"TIME_PERIOD";"Période temporelle";"2020-01";"2020-01"
"TIME_PERIOD";"Période temporelle";"2012-10";"2012-10"
"TIME_PERIOD";"Période temporelle";"2002-11";"2002-11"
"TIME_PERIOD";"Période temporelle";"2013-04";"2013-04"
"TIME_PERIOD";"Période temporelle";"2021-07";"2021-07"
"TIME_PERIOD";"Période temporelle";"2012-12";"2012-12"
"TIME_PERIOD";"Période temporelle";"2003-08";"2003-08"
"TIME_PERIOD";"Période temporelle";"2001-03";"2001-03"
"TIME_PERIOD";"Période temporelle";"2008-12";"2008-12"
"TIME_PERIOD";"Période temporelle";"1999-09";"1999-09"
"TIME_PERIOD";"Période temporelle";"2005-08";"2005-08"
"TIME_PERIOD";"Période temporelle";"2003-09";"2003-09"
"TIME_PERIOD";"Période temporelle";"2009-06";"2009-06"
"TIME_PERIOD";"Période temporelle";"2022-01";"2022-01"
"TIME_PERIOD";"Période temporelle";"2014-11";"2014-11"
"TIME_PERIOD";"Période temporelle";"2009-03";"2009-03"
"TIME_PERIOD";"Période temporelle";"2018-11";"2018-11"
"TIME_PERIOD";"Période temporelle";"2010-05";"2010-05"
"TIME_PERIOD";"Période temporelle";"2004-12";"2004-12"
"TIME_PERIOD";"Période temporelle";"2021-06";"2021-06"
"TIME_PERIOD";"Période temporelle";"2005-04";"2005-04"
"TIME_PERIOD";"Période temporelle";"2016-04";"2016-04"
"TIME_PERIOD";"Période temporelle";"1999-02";"1999-02"
"TIME_PERIOD";"Période temporelle";"1999-07";"1999-07"
"TIME_PERIOD";"Période temporelle";"2022-11";"2022-11"
"TIME_PERIOD";"Période temporelle";"2023-04";"2023-04"
"TIME_PERIOD";"Période temporelle";"1998-07";"1998-07"
"TIME_PERIOD";"Période temporelle";"2020-02";"2020-02"
"TIME_PERIOD";"Période temporelle";"2018-04";"2018-04"
"TIME_PERIOD";"Période temporelle";"1999-06";"1999-06"
"TIME_PERIOD";"Période temporelle";"2001-11";"2001-11"
"TIME_PERIOD";"Période temporelle";"2024-02";"2024-02"
"TIME_PERIOD";"Période temporelle";"2012-06";"2012-06"
"TIME_PERIOD";"Période temporelle";"2016-09";"2016-09"
"TIME_PERIOD";"Période temporelle";"2017-07";"2017-07"
"TIME_PERIOD";"Période temporelle";"1998-10";"1998-10"
"TIME_PERIOD";"Période temporelle";"2016-06";"2016-06"
"TIME_PERIOD";"Période temporelle";"2019-04";"2019-04"
"TIME_PERIOD";"Période temporelle";"2006-08";"2006-08"
"TIME_PERIOD";"Période temporelle";"2005-02";"2005-02"
"TIME_PERIOD";"Période temporelle";"1997-11";"1997-11"
"TIME_PERIOD";"Période temporelle";"2015-04";"2015-04"
"TIME_PERIOD";"Période temporelle";"2007-11";"2007-11"
"TIME_PERIOD";"Période temporelle";"2013-12";"2013-12"
"TIME_PERIOD";"Période temporelle";"2010-01";"2010-01"
"TIME_PERIOD";"Période temporelle";"2020-11";"2020-11"
"TIME_PERIOD";"Période temporelle";"2001-06";"2001-06"
"TIME_PERIOD";"Période temporelle";"2021-04";"2021-04"
"TIME_PERIOD";"Période temporelle";"2003-10";"2003-10"
"TIME_PERIOD";"Période temporelle";"2013-05";"2013-05"
"TIME_PERIOD";"Période temporelle";"2010-10";"2010-10"
"TIME_PERIOD";"Période temporelle";"2015-12";"2015-12"
"TIME_PERIOD";"Période temporelle";"2017-12";"2017-12"
"TIME_PERIOD";"Période temporelle";"2023-01";"2023-01"
"TIME_PERIOD";"Période temporelle";"2016-11";"2016-11"
"TIME_PERIOD";"Période temporelle";"2011-09";"2011-09"
"TIME_PERIOD";"Période temporelle";"2002-04";"2002-04"
"TIME_PERIOD";"Période temporelle";"2011-10";"2011-10"
"TIME_PERIOD";"Période temporelle";"2020-05";"2020-05"
"TIME_PERIOD";"Période temporelle";"2006-07";"2006-07"
"TIME_PERIOD";"Période temporelle";"2004-04";"2004-04"
"TIME_PERIOD";"Période temporelle";"2002-09";"2002-09"
"TIME_PERIOD";"Période temporelle";"2011-02";"2011-02"
"TIME_PERIOD";"Période temporelle";"2008-05";"2008-05"
"TIME_PERIOD";"Période temporelle";"2002-08";"2002-08"
"TIME_PERIOD";"Période temporelle";"2013-03";"2013-03"
"TIME_PERIOD";"Période temporelle";"2003-04";"2003-04"
"TIME_PERIOD";"Période temporelle";"1998-01";"1998-01"
"TIME_PERIOD";"Période temporelle";"2023-03";"2023-03"
"TIME_PERIOD";"Période temporelle";"2000-10";"2000-10"
"TIME_PERIOD";"Période temporelle";"2005-03";"2005-03"
"TIME_PERIOD";"Période temporelle";"2004-05";"2004-05"
"TIME_PERIOD";"Période temporelle";"2007-10";"2007-10"
"TIME_PERIOD";"Période temporelle";"2008-09";"2008-09"
"TIME_PERIOD";"Période temporelle";"2013-02";"2013-02"
"TIME_PERIOD";"Période temporelle";"2002-10";"2002-10"
"TIME_PERIOD";"Période temporelle";"1997-03";"1997-03"
"TIME_PERIOD";"Période temporelle";"2010-04";"2010-04"
"TIME_PERIOD";"Période temporelle";"2013-08";"2013-08"
"TIME_PERIOD";"Période temporelle";"2016-02";"2016-02"
"TIME_PERIOD";"Période temporelle";"2005-12";"2005-12"
"TIME_PERIOD";"Période temporelle";"2020-03";"2020-03"
"TIME_PERIOD";"Période temporelle";"2018-02";"2018-02"
"TIME_PERIOD";"Période temporelle";"2014-02";"2014-02"
"TIME_PERIOD";"Période temporelle";"2010-11";"2010-11"
"TIME_PERIOD";"Période temporelle";"2003-01";"2003-01"
"TIME_PERIOD";"Période temporelle";"2002-07";"2002-07"
"TIME_PERIOD";"Période temporelle";"2007-02";"2007-02"
"TIME_PERIOD";"Période temporelle";"1999-08";"1999-08"
"TIME_PERIOD";"Période temporelle";"2024-07";"2024-07"
"TIME_PERIOD";"Période temporelle";"2000-12";"2000-12"
"TIME_PERIOD";"Période temporelle";"2003-03";"2003-03"
"TIME_PERIOD";"Période temporelle";"2021-09";"2021-09"
"TIME_PERIOD";"Période temporelle";"2017-03";"2017-03"
"TIME_PERIOD";"Période temporelle";"2005-09";"2005-09"
"TIME_PERIOD";"Période temporelle";"1996-07";"1996-07"
"TIME_PERIOD";"Période temporelle";"2008-04";"2008-04"
"TIME_PERIOD";"Période temporelle";"2008-08";"2008-08"
"TIME_PERIOD";"Période temporelle";"2014-01";"2014-01"
"TIME_PERIOD";"Période temporelle";"2011-01";"2011-01"
"TIME_PERIOD";"Période temporelle";"2005-07";"2005-07"
"TIME_PERIOD";"Période temporelle";"1997-01";"1997-01"
"TIME_PERIOD";"Période temporelle";"1999-12";"1999-12"
"TIME_PERIOD";"Période temporelle";"2009-02";"2009-02"
"TIME_PERIOD";"Période temporelle";"2016-12";"2016-12"
"TIME_PERIOD";"Période temporelle";"2021-11";"2021-11"
"TIME_PERIOD";"Période temporelle";"1998-11";"1998-11"
"TIME_PERIOD";"Période temporelle";"1999-03";"1999-03"
"TIME_PERIOD";"Période temporelle";"2024-03";"2024-03"
"TIME_PERIOD";"Période temporelle";"2005-10";"2005-10"
"TIME_PERIOD";"Période temporelle";"2024-01";"2024-01"
"TIME_PERIOD";"Période temporelle";"1996-10";"1996-10"
"TIME_PERIOD";"Période temporelle";"2001-04";"2001-04"
"TIME_PERIOD";"Période temporelle";"2009-04";"2009-04"
"TIME_PERIOD";"Période temporelle";"2000-07";"2000-07"
"TIME_PERIOD";"Période temporelle";"2001-02";"2001-02"
"TIME_PERIOD";"Période temporelle";"2019-03";"2019-03"
"TIME_PERIOD";"Période temporelle";"1999-01";"1999-01"
"TIME_PERIOD";"Période temporelle";"2012-05";"2012-05"
"TIME_PERIOD";"Période temporelle";"2000-08";"2000-08"
"TIME_PERIOD";"Période temporelle";"2022-03";"2022-03"
"TIME_PERIOD";"Période temporelle";"2007-12";"2007-12"
"TIME_PERIOD";"Période temporelle";"2010-03";"2010-03"
"TIME_PERIOD";"Période temporelle";"2006-11";"2006-11"
"TIME_PERIOD";"Période temporelle";"2001-05";"2001-05"
"TIME_PERIOD";"Période temporelle";"1997-12";"1997-12"
"TIME_PERIOD";"Période temporelle";"2019-09";"2019-09"
"TIME_PERIOD";"Période temporelle";"2013-09";"2013-09"
"TIME_PERIOD";"Période temporelle";"2005-06";"2005-06"
"TIME_PERIOD";"Période temporelle";"2002-02";"2002-02"
"TIME_PERIOD";"Période temporelle";"2024-05";"2024-05"
"TIME_PERIOD";"Période temporelle";"2019-10";"2019-10"
"TIME_PERIOD";"Période temporelle";"2009-05";"2009-05"
"TIME_PERIOD";"Période temporelle";"2021-02";"2021-02"
"TIME_PERIOD";"Période temporelle";"2018-10";"2018-10"
"TIME_PERIOD";"Période temporelle";"2002-06";"2002-06"
"TIME_PERIOD";"Période temporelle";"2003-07";"2003-07"
"TIME_PERIOD";"Période temporelle";"1998-06";"1998-06"
"TIME_PERIOD";"Période temporelle";"2007-04";"2007-04"
"TIME_PERIOD";"Période temporelle";"1998-08";"1998-08"
"TIME_PERIOD";"Période temporelle";"2004-03";"2004-03"
"TIME_PERIOD";"Période temporelle";"1996-03";"1996-03"
"TIME_PERIOD";"Période temporelle";"2004-09";"2004-09"
"TIME_PERIOD";"Période temporelle";"1996-08";"1996-08"
"TIME_PERIOD";"Période temporelle";"2022-09";"2022-09"
"TIME_PERIOD";"Période temporelle";"2008-06";"2008-06"
"TIME_PERIOD";"Période temporelle";"2012-01";"2012-01"
"TIME_PERIOD";"Période temporelle";"2010-07";"2010-07"
"TIME_PERIOD";"Période temporelle";"2018-05";"2018-05"
"TIME_PERIOD";"Période temporelle";"1996-04";"1996-04"
"TIME_PERIOD";"Période temporelle";"2004-06";"2004-06"
"TIME_PERIOD";"Période temporelle";"2006-06";"2006-06"
"TIME_PERIOD";"Période temporelle";"2002-01";"2002-01"
"TIME_PERIOD";"Période temporelle";"2001-10";"2001-10"
"TIME_PERIOD";"Période temporelle";"2018-03";"2018-03"
"TIME_PERIOD";"Période temporelle";"2011-04";"2011-04"
"TIME_PERIOD";"Période temporelle";"2009-07";"2009-07"
"TIME_PERIOD";"Période temporelle";"2019-02";"2019-02"
"TIME_PERIOD";"Période temporelle";"2011-11";"2011-11"
"TIME_PERIOD";"Période temporelle";"2023-07";"2023-07"
"TIME_PERIOD";"Période temporelle";"2010-06";"2010-06"
"TIME_PERIOD";"Période temporelle";"2005-01";"2005-01"
"TIME_PERIOD";"Période temporelle";"2008-03";"2008-03"
"TIME_PERIOD";"Période temporelle";"2020-12";"2020-12"
"TIME_PERIOD";"Période temporelle";"2001-09";"2001-09"
"TIME_PERIOD";"Période temporelle";"2014-09";"2014-09"
"TIME_PERIOD";"Période temporelle";"2010-08";"2010-08"
"TIME_PERIOD";"Période temporelle";"2016-01";"2016-01"
"TIME_PERIOD";"Période temporelle";"2021-10";"2021-10"
"TIME_PERIOD";"Période temporelle";"2000-05";"2000-05"
"TIME_PERIOD";"Période temporelle";"2004-07";"2004-07"
"TIME_PERIOD";"Période temporelle";"2007-09";"2007-09"
"TIME_PERIOD";"Période temporelle";"1996-01";"1996-01"
"TIME_PERIOD";"Période temporelle";"1996-09";"1996-09"
"TIME_PERIOD";"Période temporelle";"2009-10";"2009-10"
"TIME_PERIOD";"Période temporelle";"2012-02";"2012-02"
"TIME_PERIOD";"Période temporelle";"2001-08";"2001-08"
"TIME_PERIOD";"Période temporelle";"2014-08";"2014-08"
"TIME_PERIOD";"Période temporelle";"2007-05";"2007-05"
"TIME_PERIOD";"Période temporelle";"2010-09";"2010-09"
"TIME_PERIOD";"Période temporelle";"2020-09";"2020-09"
"TIME_PERIOD";"Période temporelle";"2022-08";"2022-08"
"TIME_PERIOD";"Période temporelle";"2022-06";"2022-06"
"TIME_PERIOD";"Période temporelle";"1997-10";"1997-10"
"TIME_PERIOD";"Période temporelle";"2003-12";"2003-12"
"TIME_PERIOD";"Période temporelle";"2020-04";"2020-04"
"TIME_PERIOD";"Période temporelle";"2014-05";"2014-05"
"TIME_PERIOD";"Période temporelle";"1996-05";"1996-05"
"TIME_PERIOD";"Période temporelle";"2006-03";"2006-03"
"TIME_PERIOD";"Période temporelle";"2023-06";"2023-06"
"TIME_PERIOD";"Période temporelle";"2003-11";"2003-11"
"TIME_PERIOD";"Période temporelle";"2019-07";"2019-07"
"TIME_PERIOD";"Période temporelle";"2018-08";"2018-08"
"TIME_PERIOD";"Période temporelle";"2008-10";"2008-10"
"TIME_PERIOD";"Période temporelle";"2017-11";"2017-11"
"TIME_PERIOD";"Période temporelle";"1997-08";"1997-08"
"TIME_PERIOD";"Période temporelle";"2008-01";"2008-01"
"TIME_PERIOD";"Période temporelle";"2018-07";"2018-07"
"TIME_PERIOD";"Période temporelle";"2007-07";"2007-07"
"TIME_PERIOD";"Période temporelle";"1998-05";"1998-05"
"TIME_PERIOD";"Période temporelle";"2008-11";"2008-11"
"TIME_PERIOD";"Période temporelle";"2000-03";"2000-03"
"TIME_PERIOD";"Période temporelle";"2013-07";"2013-07"
"TIME_PERIOD";"Période temporelle";"2018-09";"2018-09"
"TIME_PERIOD";"Période temporelle";"2000-06";"2000-06"
"TIME_PERIOD";"Période temporelle";"2019-08";"2019-08"
"TIME_PERIOD";"Période temporelle";"2001-01";"2001-01"
"TIME_PERIOD";"Période temporelle";"2011-03";"2011-03"
"TIME_PERIOD";"Période temporelle";"2001-12";"2001-12"
"TIME_PERIOD";"Période temporelle";"2002-05";"2002-05"
"TIME_PERIOD";"Période temporelle";"2004-08";"2004-08"
"TIME_PERIOD";"Période temporelle";"2011-12";"2011-12"
"TIME_PERIOD";"Période temporelle";"2009-12";"2009-12"
"TIME_PERIOD";"Période temporelle";"2006-12";"2006-12"
"TIME_PERIOD";"Période temporelle";"2007-06";"2007-06"
"TIME_PERIOD";"Période temporelle";"2019-06";"2019-06"
"TIME_PERIOD";"Période temporelle";"2013-06";"2013-06"
"TIME_PERIOD";"Période temporelle";"1997-09";"1997-09"
"TIME_PERIOD";"Période temporelle";"2015-07";"2015-07"
"TIME_PERIOD";"Période temporelle";"2019-05";"2019-05"
"TIME_PERIOD";"Période temporelle";"2024-09";"2024-09"
"TIME_PERIOD";"Période temporelle";"2024-10";"2024-10"
"TIME_PERIOD";"Période temporelle";"2024-11";"2024-11"
"TIME_PERIOD";"Période temporelle";"2024-12";"2024-12"
"TIME_PERIOD";"Période temporelle";"2025-01";"2025-01"
"TIME_PERIOD";"Période temporelle";"2025-02";"2025-02"
"TIME_PERIOD";"Période temporelle";"2025-03";"2025-03"
"TIME_PERIOD";"Période temporelle";"2025-04";"2025-04"
"TIME_PERIOD";"Période temporelle";"2025-05";"2025-05"
"TIME_PERIOD";"Période temporelle";"2025-06";"2025-06"
"TIME_PERIOD";"Période temporelle";"2025-07";"2025-07"
"TIME_PERIOD";"Période temporelle";"2025-08";"2025-08"
"TIME_PERIOD";"Période temporelle";"2025-09";"2025-09"
"UNIT_MULT";"Quantité d'unités (en puissance de 10)";"0";"Unités"